status,author
,M
,M
,M
,M
,M
,M
,M
,M
,M
,M
,M
,M
,M
,M
"সংসার রঙ্গ: আমার মাংস পোড়ানোর প্রতিভা
.
প্রথম তিনবারের গল্প ঠিক একই রকম। বহ্নি আমাকে বলে গেল- “মাংস চুলায় থাকল, আমি বাচ্চাকে খাওয়াতে গেলাম। তুমি প্লিজ মাংসটা একটু দেখো, যেন পুড়ে না যায়”। আমি দারুণ আত্মবিশ্বাসের সঙ্গে তাকে অভয় দিলাম। তারপর বহ্নি চলে যাওয়ার সাথে সাথে- আমার মাথার ভেতরে নানান রকম গান, কবিতা, ছন্দ- এমন সৃষ্টিশীলতার মহড়া শুরু হয়ে গেল। কী দারুণ সব সুর মাথায় এলো। গিটার নিয়ে বসলাম। জোরে বাজালে বাচ্চা উঠে যেতে পারে তাই অন্য ঘরে গেলাম। একটার পর একটা গান, আহা !
.
ভাবের ম… See more",M
"পরশমণির বয়স কত, নিজেই জানিয়েছেন তিনি। সেই সাথে- আপার স্কুলে পড়তে যাওয়ার ব্যাপারে তার আন্তরিক ইচ্ছার বিষয়টিও তিনি আমাদেরকে অবহিত করেছেন...",M
"১২ মিনিটে বিয়ের সাজ! 
.
পুরনো ছবি ঘাঁটতে গিয়ে এই ছবিটা সামনে এলো। বছরখানেক আগে, আমাদের সান্টা ক্লারিটা শহরে বাংলাদেশী কমিউনিটির একটা বিয়ের অনুষ্ঠানে ছবিটা তোলা। এর আগে কয়েকদিন ধরেই ছিল পরশমণির জ্বর। বিয়েতে যাওয়ার খুব ইচ্ছে ছিল তোমার, কিন্তু মেয়ের কথা ভেবে ঠিক করলে অনুষ্ঠানে যাবে না। 
.
সন্ধ্যায় দাওয়াত, বিকেলবেলা পরশমণির জ্বর ছাড়ল। অনুষ্ঠান শুরুর অল্প কিছুক্ষণ আগে তোমাকে বললাম - চলো যাই। তুমি বললে, “মাথা খারাপ! এত শর্ট নোটিসে সেজেগুজে শাড়ি পরে কি বিয়ের দাওয়াতে যাওয়া সম্ভব?” অত… See more",M
"5 বছর আগে, বড় কন্যা বর্ণমালার তখন 20 মাস বয়স| আমাদের বিয়েতে দোয়া দিয়েছিল... Feroza Binte Omar দেখো, কত তাড়াতাড়ি বড় হয়ে যাচ্ছে মেয়েটা!!",M
আমার বিয়েতে বর্ণমালার দোয়া ,M
বাবার সাথে সন্ধ্যাকালীন হাঁটাহাঁটি...। আমাদের এপার্ট্মেন্টের কাছেই বর্ণমালার স্কুল। সেখানে যাওয়ার জন্য পরশমণির তর সইছে না।,M
খাওয়ার টেবিলে পরশমণি এনে দিলো এক চিলতে বিনোদন ,M
"আমাদের দুই থেকে চার হওয়া...
নিজেদের নতুন-পুরনো ছবি দেখতে দেখতে চার লাইনের গান বেঁধে ফেলতে ইচ্ছে হলো।",M
"কালের পরিক্রমায় আমরা - ২০২৩। বছর ঘুরে আবার এলো আমাদের 'ঐতিহাসিক' ছবি তোলার দিন। সেই ২০১৬ সালে তানজির শুভ ভাই আমাদের একটা ছবি তুলে দিয়েছিলেন, তখন বর্ণমালা ছিল বহ্নির গর্ভে। এরপর আমরা ধীরে ধীরে দুই থেকে চার হলাম। একই পোশাকের আড়ালে নিজেদেরকে একটু করে বদলে যেতে দেখার ইচ্ছে থেকে প্রতি বছর সেপ্টেম্বরে এই ছবিটা তোলার চেষ্টা করি। মাঝে আলস্যজনিত কারণে ২০১৮ তে তোলা হয়নি। সেটার আফসোস থাকবে, তবে বাকিগুলো যে তোলা হয়েছে, তাতেই আমরা খুশি। জীবনকে যখন অন্ধকার ঘিরে রাখে, তখন ছোট ছোট আলোকবিন্দু… See more",M
"এলেবেলে পাঠশালা আপডেট: গতকাল বহ্নির ভিডিও বার্তা এবং ভর্তির অনুরোধ ফর্মের পোস্ট দেওয়ার পরে আমরা মানুষের কাছ থেকে যে স্বতঃস্ফূর্ত সাড়া পেয়েছি, সেটা অভাবনীয়। দুটো ক্লাস মিলিয়ে সর্বোচ্চ ১৪ জনকে পড়াবে, এমনটি চেয়েছিল বহ্নি। কিন্তু আমরা গতকাল কয়েক ঘণ্টার ভেতরেই ৮৬ জনের কাছ থেকে অনুরোধ পেয়েছি। আমেরিকা, অস্ট্রেলিয়া, জাপান, ইংল্যান্ড, জার্মানি, আয়ারল্যান্ড- এমন সারা পৃথিবী থেকে। যতজনকে বহ্নি শেখাতে পারবে তার থেকে অনুরোধ অল্প কিছু বেশি আসবে এটা অনুমেয় ছিল, তাই বলে এতটা বেশি আমরা আশা কর… See more",M
,M
,M
,M
,M
,M
,M
,M
,M
,M
,M
,M
,M
,M
,M
,M
,M
,M
,M
,M
,M
,M
,M
,M
,M
,M
,M
,M
,M
,M
,M
,M
,M
,M
,M
,M
,M
,M
"গত সপ্তাহে চলে গেলেন আমাদের পরিবারের পরম বন্ধু অধ্যাপক আব্দুস সাত্তার, আমরা যাকে ভালোবেসে ডাকতাম আমাদের ‘মেহেদী’ দাদা। আমার নিজের দাদার (পিতামহের) খুব কাছের বন্ধু ছিলেন তিনি। দুই বছর আগে কোভিডে দাদাকে হারাই। আর সেটার দুই বছর দুই দিনের মাথায় তাঁর বন্ধু- আমাদের সাত্তার দাদাকেও হারালাম।
একসময় কুষ্টিয়া সরকারী কলেজের নামকরা অধ্যাপক ছিলেন তিনি, ‘সাত্তার প্রফেসর’ বললেই এক নামে সবাই চিনত। অবসরের পর সন্তান-সন্ততি নিয়ে কুষ্টিয়া কোর্টপাড়ায় নিজের বাড়িতে থাকতেন। তাদের বাড়িটার পাশেই ছিল আ… See more",M
"সময় গেলে সাধন হবে না। প্রিয় লালনগীতি নিজের মতো করে গাইবার প্রচেষ্টা।
মন খুব অস্থির। শান্ত রাখার আপ্রাণ চেষ্টা করছি...",M
"পরশমণি একটু একটু  করে ABCD গান শিখছে। চেয়েছিলাম সেই শিখনপর্ব ধারণ করে রাখতে । ABCD এখনও পুরোটা পারে না, তবে একটা ভিডিও কেমন করে শেষ করতে হয়, সেটাতে ওস্তাদ হয়ে গেছে 
।  মা এবং আপা দুইজনই নাটুকে, সে আর কী হবে!! মনে হলো টাইমলাইনে রেখে দিই...",M
আমাদের পরিবারের পক্ষ থেকে সবাইকে ঈদ মুবারক!,M
"আমাদের ছোট্ট পরশমণি সারাদিন নানান রকম কাণ্ড কারখানা করে আমাদের বিনোদন যোগায়। তার আপা বর্ণমালা কেমন করে কান্নার পর হাসি দিয়েছে সেটা আবার সে আমাদেরকে অভিনয় করে দেখালো
। আমাদের কঠিন গুমোট সময়ে ওরাই একটু দম ফেলার জায়গা। সবাই দোয়া রাখবেন ওদের জন্য!",M
"বাবা দিবসে আমার কন্যার থেকে পাওয়া উপহার। মায়ের তত্ত্বাবধানে বেশ কয়েকদিন ধরে লুকিয়ে লুকিয়ে এটা বানিয়েছে। কী করছ জিজ্ঞেস করলে বলত এটা একটা গোপন কাজ, যার নাম Project 221 !! অবশেষে সেটা হাতে পেলাম এবং মুগ্ধ হলাম। ধন্যবাদ মেয়েদেরকে এবং তাদের মা-কে ",M
পরশমণির গান গাইবার প্রচেষ্টা! ক'দিন ধরেই তিনি নানান রকম সুর গুনগুন করছেন। গান নিয়ে পরীক্ষা নিরীক্ষা করছেন। গাড়িতে চড়লে কোন গান বাজবে সেটা তিনিই ঠিক করে দিচ্ছেন। এক ফাঁকে তার মা তাকে অন্তরা চৌধুরীর 'বুলবুল পাখি ময়না টিয়ে' গেয়ে শোনালে সেটাও তিনি আত্মস্থ করার চেষ্টা করেন। প্রথমদিকের চেষ্টার ভিডিও এটা। চেষ্টা চলমান আছে। এই খরতপ্ত সময়ে দুই মেয়ের কাণ্ডকারখানাই আমাদের জীবনে অনাবিল বৃষ্টির মতন হয়ে রয়...। ওদের জন্য দোয়া রাখবেন সবাই।,M
"আমাদের ছোট্ট সুন্দর মুহূর্তের এক টুকরো স্মৃতি। জন্মদিনের শুভেচ্ছা আরেকবার, প্রিয়! 'তুমি এমনি রঙিন থেকো সারাবেলা'...",M
https://youtu.be/PmF3BSWs7E0,M
"""ফাটাফাটি"" মুভিতে আমার কথা ও সুরে ""স্বপ্ন বোনার সময় এখন"" গানটি নারীকণ্ঠে গেয়েছেন আমার খুব প্রিয় শিল্পী অন্বেষা দত্তগুপ্ত",M
"দুই বাংলার শিল্পী যখন একসাথে বোনে একটা স্বপ্নের গান!
চমক হাসানের কথা ও সুরে অন্বেষা দত্তগুপ্তের কন্ঠে 'স্বপ্ন বোনার সময় এখন'।
'স্বপ্ন বোনার সময় এখন' (Female … See more",M
"https://fb.watch/kMx4X_reSg/
শুনতে চাই - দ্বিতীয় খণ্ডে লাইভে আছি, সঙ্গে আছেন অধ্যাপক নাভিদ সালেহ।",M
"পৃথিবীর কক্ষপথ আর অক্ষরেখা বদলে গিয়ে কী করে বরফ যুগ আসে, ঊষ্ণায়ন আর শীতলায়নের চক্র তৈরি হয়, জলবায়ু পরিবর্তনের প্রভাব বাংলাদেশে কেমন হতে পারে আর আমাদের করণীয় কী,… See more",M
"পৃথিবীর কক্ষপথ আর অক্ষরেখা বদলে গিয়ে কী করে বরফ যুগ আসে, ঊষ্ণায়ন আর শীতলায়নের চক্র তৈরি হয়, জলবায়ু পরিবর্তনের প্রভাব বাংলাদেশে কেমন হতে পারে আর আমাদের করণীয় কী, এসব নিয়ে বলেছেন ইউনিভার্সিটি অফ টেক্সাস- অস্টিনের অধ্যাপক ড. নাভিদ সালেহ।   
আগের অংশ: https://youtu.be/V5upCTDrlbY
#chamok #chamok_hasan #shuntechai",M
,M
,M
,M
,M
,M
,M
,M
,M
,M
,M
,M
,M
,M
,M
,M
,M
,M
,M
,M
,M
,M
,M
,M
,M
,M
,M
,M
,M
,M
,M
,M
,M
,M
,M
,M
,M
,M
,M
,M
,M
,M
,M
,M
,M
,M
,M
,M
,M
,M
,M
,M
,M
,M
,M
,M
,M
,M
,M
,M
,M
,M
,M
,M
,M
"চলে এলো আমার কথা, সুর ও কণ্ঠে নতুন গান- 'স্বপ্ন বোনার সময় এখন'। গানটি 'ফাটাফাটি' চলচ্চিত্রের জন্য তৈরি। গানটির সঙ্গীতায়োজন করেছে  অমিত চ্যাটার্জী।
গানটি  এমন একটা সময়ে প্রকাশিত হলো যখন আমার নিজের জীবনেই স্বপ্নের হঠাৎ অভাব-  সবমিলিয়ে কেমন যেন একটা থমথমে অবস্থা। হয়তো এমন সময়েই ইচ্ছের লাল-নীল সুতোর টানে নতুন করে স্বপ্ন বোনার সাহস করতে হয়! গান শোনার আমন্ত্রণ রইলো!
পুনশ্চ: ফাটাফাটি ছবিটি মুক্তি পেতে যাচ্ছে আগামী ১২ই মে। এই ছবির সঙ্গীতের সঙ্গে যুক্ত থাকার সৌভাগ্য হয়েছে আমার,  ছবি… See more",M
"'স্বপ্ন বোনার সময় এখন...'
এবার স্বপ্নগুলো পাবে উড়ান!
'স্বপ্ন বোনার সময় এখন' Song out Now - https://bit.ly/416KtRT… See more",M
"ঋতম সেনের কথায় অমিত চ্যাটার্জীর সুরে এলো 'ফাটাফাটি' চলচ্চিত্রের প্রথম গান - 'জানি অকারণ'। এই ছবিতে আমার লেখা ও সুরের একটা গানও থাকবে 
 । 
কলকাতার স্বনামধন্য Windows Production House এর প্রযোজনায় ""ফাটাফাটি"" মুক্তি পাবে সামনের মে মাসে, Aritra Mukherjee এর পরিচালনায়, Zinia Sen এর গল্পে আর Samragnee Bandyopadhyay এর সংলাপে!",M
বৃষ্টিদিন। বিষণ্ণ মন। রবিগানে আশ্রয় খুঁজি।,M
"""Governments and philanthropy will need to play a major role in ensuring that it reduces inequity and doesn’t contribute to it.""",M
"Chamok Hasan ভাইয়া, এইভাবে আমরা একদল সচেতন সুনাগরিক গড়ে তোলার চেষ্টা করছি! যারা একদিন আলো ছড়াবে!
আমাদের ছেলেমেয়েদের গণিতের গল্প শোনাতে আসবেন কবে?",M
"রাস্তা পারাপারের প্রশিক্ষণ!
এইভাবে আমাদের স্কুলে একাডেমিক পড়ালেখার পাশাপাশি শিক্ষার্থীদের আমরা জীবনমুখী শিক্ষা দিয়ে থাকি। প্লে ও নার্সারিতে ভর্তি নেয়া হচ্ছে! … See more",M
"Placerita Creek এ। মহা উৎসাহে পানিতে পাথর ছুঁড়তে ব্যস্ত দুই বোন। তাদের মায়ের আগ্রহও কম নয়, তিনিই যোগান দিচ্ছিলেন পাথরগুলো...",M
"Old is Gold 
কালজয়ী সেই ভিডিও ",M
"১৪ মার্চ বিশ্ব পাই দিবস। পাই কী? পাই দিবস কী? এসব নিয়ে আমার একটা লেখা প্রকাশিত হয়েছে প্রথম আলোতে... ।
আন্তরিক ধন্যবাদ Asha Zahid, লেখাটার ব্যাপারে যোগাযোগ করার জন্য। ধন্যবাদ আরাফাত করিম, সুন্দর ক্যারিকেচারের জন্য 
 :D।
https://www.prothomalo.com/lifestyle/rg7d0lxcmn...",M
"বহ্নির সাক্ষাৎকার! এখানে ও গল্প করেছে বর্ণমালাকে নিয়ে, কথা বলেছে বাংলা ভাষার প্রতি ওর ভালোলাগা নিয়ে। 
আমার মনে আছে, ও সবসমসয় বলতো, আমার মেয়েটার সাথে আমি বাংলাতে আরাম করে গল্প করতে পারব না, এটা আমি কিছুতেই মেনে নিতে পারি না। তাই সে প্রবাসে থেকেও মেয়েকে বাংলা ভাষা আর সংস্কৃতির সাথে পরিচয় করিয়ে দিচ্ছে । এখানে একটা অনলাইন বাবাংলা স্কুলে শিক্ষকতা করছে, চেষ্টা করছে বাচ্চাকে বাংলা শেখানোর। ওর এসব উদ্যোগ, ওর চিন্তাপ্রক্রিয়া, ওর জীবনদর্শনের সঙ্গী হিসেবে থাকাটাই একটা আনন্দের ব্যাপার ! … See more",M
"তুরস্ক-সিরিয়ার ভয়াবহ ভূমিকম্পে যারা ক্ষতিগ্রস্ত হয়েছে তাদের পাশে দাঁড়াচ্ছে সারা পৃথিবীর মানুষ। আমি অনেককে চিনি, যারা সাহায্য করতে চান কিন্তু নির্ভরযোগ্য প্রতিষ্ঠান খুঁজে পান না। তারা ""সংযোগ ফাউন্ডেশন"" এর এই লিঙ্কের মাধ্যমে তাদের সাহায্য সঠিক জায়গায় পৌঁছে দিতে পারেন। আমার পরিচিত খুব ভালোমানুষ কিছু বুয়েটিয়ান বড় ভাই এই উদ্যোগের সাথে যুক্ত আছেন।",M
,M
,M
,M
,M
,M
,M
,M
,M
,M
,M
,M
,M
,M
,M
,M
,M
,M
,M
,M
,M
,M
,M
,M
,M
,M
,M
,M
,M
,M
,M
,M
,M
,M
,M
,M
,M
,M
,M
,M
,M
,M
,M
,M
,M
,M
,M
,M
,M
,M
,M
,M
,M
,M
,M
,M
,M
,M
,M
,M
,M
,M
,M
,M
,M
,M
,M
,M
,M
,M
,M
,M
,M
,M
,M
,M
,M
,M
,M
,M
,M
,M
,M
,M
,M
,M
,M
"২০২২ এর জুলাইতে যখন বাংলাদেশে গিয়েছিলাম আমার শাশুড়ি মা আমাদেরকে মিলিয়ে উপহার দিয়েছিলেন এই সুন্দর জামাগুলো। এগুলো বানিয়ে দিয়েছিল বর্ণমালার আদরের ছোট মামী নিশু, তার নিজের বুটিক Incy Wincy's Closet থেকে। পরশমণির জন্য 'ছোট্ট ছোট্ট আঙুল' নামে একটা গান করেছিলাম, সেটার ভিডিও করেছিলাম এই জামাগুলো পরে। 
** একটি মজার এবং উপকারী তথ্য: আমাদের পুরো পরিবারের যে ছবিগুলো আপলোড করি, সেগুলো অধিকাংশ সময়েই তোলা হয় ক্যামেরায় ১০ সেকেন্ডের টাইমার দিয়ে। আমার জন্য একপাশে জায়গা রেখে ক্যামেরার সেটিংস ঠ… See more",M
"১৩ মাস বয়সী পরশমণির ‘live performance’ 
 ",M
"আবারও চলচ্চিত্রের সঙ্গীতে কাজ করার একটুখানি সুযোগ হলো আমার 
! 
কলকাতার স্বনামধন্য Windows Production House এর ""ফাটাফাটি"" আসছে এই মার্চ মাসে, Aritra Mukherjee এর পরিচালনায়, Zinia Sen এর গল্পে আর Samragnee Bandyopadhyay এর সংলাপে! আমিও অপেক্ষায় আছি!",M
"Feroza Binte Omar, একসাথে আমি-তুমি পাড়ি দিয়ে ফেললাম দশটা বছর। একটা গান না হলে হতোই না! গানগুলো আমাদের ছবির অ্যালবামের মতন, সুন্দর সময়গুলোর স্মৃতি হয়ে ফিরে আসবে বারবার। তাইতো এত ঝুট-ঝঞ্ঝাটের পরও তোমাকে আরেকটু কষ্ট দিলাম,  এই চাপটুকু নিয়ে ফেললাম। শেষে বর্ণমালার অংশটুকু আর তারও পরে পরশমণির তা-তা-তা আমাদের গানটাকে পূর্ণতা দিল! 
জেনো ভালোবাসি- এখনও সেই প্রথম দিনের মতো! কিংবা তার চেয়েও বেশি। আমাদের পথচলা সুন্দর হোক...
ইউটিউবে দেখতে চাইলে: https://youtu.be/bJK0rT8fU7M",M
"আমাদের যুগলজীবনের দশকপূর্তিতে ভালোবাসার গান। গানের শেষটা নিজেই টেনে টেনে শুনছি বারবার একটা কণ্ঠের লোভে... 
আমাদের বিয়েবার্ষিকীর আগে-পরে সময়টার কিছু ছবি আর ভিড… See more",M
"পরশমণির প্রথম বছরের ছোট ছোট ঘটনা নিয়ে এই ভিডিও। আর সেই সাথে ছোট্ট একটা গান। পরশমণি যখন এইটুকুন ছিল, তখন ওকে নিয়ে একটা ঘুমপাড়ানি গান লিখেছিলাম। কোলে নিয়ে এটা গাইতে গাইতে হাঁটতে থাকলে একসময় ও ঘুমিয়ে পড়ত। মনে হলো, গানটাকে রেকর্ড করে রাখি। ও বড় হলে শুনবে! তার মা-বাবা আর প্রিয় আপা বর্ণমালা - আমরা সবাই মিলেই গাইলাম গানটা! ",M
"স্মৃতিময় বিশ্বকাপ ২০২২! 
---------------------------
.
বিশ্বকাপ ফুটবল আমার কাছে যেন স্মৃতি তৈরির কারখানা। ১৯৮৬ তে জন্ম আমার, ফলে ১৯৯০ এ পেয়েছি প্রথম বিশ্বকাপ। সেটার কোনো স্মৃতি আমার মনে পড়ে না। এটা মনে আছে যে আমার বাড়িতে সবাই ছিল ম্যারাডোনা ভক্ত। ১৯৯৪ এ ম্যারাডোনা ড্রাগ টেস্টে উৎরাতে না পেরে বাদ চলে গেলে চারপাশের মানুষের হাহুতাশ মনে পড়ে। 
.… See more",M
"বর্ণমালা আজ স্কুল থেকে Academic Excellence এর পুরস্কার পেয়েছে।  আমাদের ছোট্ট মেয়েটা কেমন ধাঁই ধাঁই করে বড় হয়ে যাচ্ছে... ওর একটা ব্যাপার বেশ ইন্টারেস্টিং। বর্ণমালাকে পড়ালেখা নিয়ে আমরা খুব একটা চাপ দেবো না, এটা আমি আর বহ্নি নিজেদের মধ্যে বলাবলি করেছি অনেকবার, সেটা আমরা করি না। তার উপর বহ্নি এখন ছোট্ট পরশমণির খাওয়া দাওয়া আর অসুস্থতা নিয়ে এত নাজেহাল অবস্থায় থাকে, বর্ণমালাকে আগের মতো সময় দিতে পারে না। আমিও পাশে বসিয়ে খুব একটা পড়াই না, মনে হয় এখন এত পড়ে লাভ কী! আরেকটু বড় হলে শেখাব।… See more",M
"Life with বর্ণমালা ( ৫ বছর ১১ মাস) 
আজকে বিশেষ দিন ( ডিসেম্বর ১৩ , ২০২২)
বর্ণমালাকে নিয়ে একটা ছোট ভয় সবসময় কাজ করতো আমাদের... সেটা হলো ও স্কুলে টিকে থাকতে পারব… See more",M
"একটা মিশ্র অনুভূতিময় ছোট্ট ঘোষণা: কলকাতা বাংলাদেশ বইমেলা ২০২২ এ আমার এবং বহ্নির সবগুলো বই বিক্রি হয়ে গেছে, এখন স্টকে পাওয়া যাচ্ছে না। মানুষ এত ভালোবেসে বই নিয়েছেন, এটা আনন্দের।  আবার মেলায় এসেও অনেকে বই নিতে পারছেন না, সেটা দুঃখের। প্রকাশক Adarsha জানিয়েছেন, আবারও পর্যাপ্ত বই পাঠানো হয়েছে। আগামী ৭ তারিখ থেকে সেগুলো মেলায় পাওয়া যাবে আদর্শ এর ২ নং স্টলে। কলেজ স্কয়ারে এই মেলা চলবে ১১ ডিসেম্বর, রবিবার পর্যন্ত।
যারা এসে বই সংগ্রহ করতে পারেননি, আন্তরিকভাবে দুঃখ প্রকাশ করছি তাদের কা… See more",M
"লস এঞ্জেলস থেকে স্যান হোসে পর্যন্ত ট্রেনে গিয়েছিলাম। ৯ ঘণ্টার ভ্রমণটা যে কী সুন্দর, সেটা বলে বোঝানো যাবে না। কখনও Sea-Beach এর বালির ওপর দিয়ে গেছে ট্রেন লাইন, জানালার পাশে সাগরের ঢেউ, কখনও উঁচু পাহাড়ের ওপরে ব্রিজ- জমিন হাজার হাজার ফুট নিচে, কখনও মেঠো পথ ধরে গেছে, কখনও পাহাড়ের বুকের ভেতর দিয়ে লম্বা টানেল দিয়ে।
ট্রেনটা নিজেই অনেক সুন্দর, একটা টেবিলের চারপাশে চারজন আরাম করে বসে গেছি। পাশে বিশাল জানালা ওপরে ছাদেও কাচ, যেন পুরো দুচোখ ভরে দেখা যায়।
পুরোটা পথ পরশমণি এত আয়েশে ছিল যে… See more",M
,M
,M
,M
,M
,M
,M
,M
,M
,M
,M
,M
,M
,M
,M
,M
,M
,M
,M
,M
,M
,M
,M
,M
,M
,M
,M
,M
,M
,M
,M
,M
,M
,M
,M
,M
,M
,M
,M
,M
,M
,M
,M
,M
,M
,M
,M
,M
,M
,M
,M
,M
,M
,M
,M
,M
,M
,M
,M
,M
,M
,M
,M
,M
,M
,M
,M
,M
,M
,M
,M
,M
,M
,M
,M
,M
,M
,M
,M
,M
,M
,M
,M
,M
,M
,M
,M
,M
,M
,M
,M
,M
,M
,M
,M
,M
,M
,M
,M
,M
,M
,M
,M
,M
,M
,M
,M
https://youtu.be/8KWEa5ddz6k,M
"এই ছবিটা তোলার জন্য বছর ধরে অপেক্ষা করি। ২০১৬ তে Shuvo ভাই আমাদের দুজনের একটা ছবি তুলে দিয়েছিলেন। তখন বর্ণমালা ছিল বহ্নির গর্ভে। এরপর প্রতি বছর সেপ্টেম্বরে আমরা এমন একটা ছবি তুলি, সময়ের সাথে নিজেদের বদলে যাওয়া দেখি। দুই থেকে তিন হই, বর্ণমালা আসে আমাদের কাছে, বড় হয় একটু করে, তারপর আমরা তিন থেকে চার হই, পরশমণি আসে এবার...। বদলগুলো দেখি আর আবেগে আপ্লুত হই... 
(মাঝে শুধু একটা বছর তোলা হয়নি- ২০১৮তে)।",M
"৫ বছর আগে লিখেছিলাম এই গান। পিকুল ভাই গেয়েছিলেন তার দরদ ভরা গলায়। আহ, কী সুন্দর দিন ছিল! 
https://fb.watch/fAjUW4uQ83/",M
"মেঘমল্লারে একাকী | কথা, সুর: চমক | কণ্ঠ: পিকুল | সঙ্গীত: দীপ্র, শুভ
https://www.youtube.com/watch?v=UxtygPfcM0c
আমি যেখানে থাকি, ক্যালিফোর্নিয়ার সেই অংশে দারুণ… See more",M
ছোট্ট সাইফান আমাদের বুয়েটিয়ান জুনিয়রের ভাইয়ের ছেলে। Multiple Congenital Anomalies নিয়ে লড়ছে। দেশের বাইরে নিয়ে চিকিৎসা করানোর জন্য যে বিপুল অঙ্কের অর্থ প্রয়োজন ওর বাবা-মায়ের পক্ষে সেটা যোগাড় করা সম্ভব হচ্ছে না। তাই তারা সাহায্য প্রার্থনা করছেন সদয় মানুষদের কাছে। আপনারা সাধ্যমতো এগিয়ে আসুন। সুস্থ হয়ে উঠুক সাইফান...,M
"Help Saifan, A 8 months old baby
 Multiple Congenital Anomalies Baby.
  Need  12 Lakh Taka for Saifan's Treatment … See more",M
https://www.youtube.com/watch?v=k5KfrDAM2Bo,M
"সান্টা ক্লারিটা শহরের বাংলাদেশী কমিউনিটি এখানে একটা পার্কে আয়োজন করেছিল মেজবানী খাবার-দাবার। সেখানে তোলা ছবি। 
ছবি কৃতজ্ঞতা- রুমান ভাবী, দস্যি মেয়ের পরী মা। 
-with Feroza Binte Omar",M
"একই সুরে একই নাচের মুদ্রা দুই বোনের! কী করে হলো! কেউ তো শেখায়নি ওদের! জীবনের এক অদৃশ্য সুতো অনুভব করি, বিস্ময়ে অভিভূত হই বারবার।",M
"প্রায় সাড়ে নয় মাস বয়সের বর্ণমালা আর একই বয়সের পরশমণি। বর্ণমালার চেষ্টা আমাকে ওঠানোর আর পরশমণির চেষ্টা বর্ণমালাকে ওঠানোর। একই ঘর - একই বিছানা, প্রায় পাঁচ বছরের ব্যবধান। চোখের সামনে কী ভীষণ দ্রুত বদলে যায় সময়। রেখে যায় এমন টুকরো টুকরো স্মৃতি-  বড় আদুরে আর মায়ায় জড়ানো!",M
"হাসি-আনন্দের অঙ্ক: দুই ট্যাকা আ’লো কোনতে 
ইনবক্সে প্রায়ই অনুরোধ পাই এই ধাঁধাটা বুঝিয়ে দেওয়ার। আঞ্চলিক ভাষায় হাসি-আনন্দে বোঝানোর চেষ্টা করলাম…
বিশেষ কৃতজ্ঞতা: … See more",M
" 'হাসি-আনন্দের অঙ্ক: দুই ট্যাকা আ'লো কোনতে' 
ইউটিউবে দেখতে চাইলে: https://youtu.be/5NxmWRKbWBQ
ইনবক্সে প্রায়ই অনুরোধ পাই এই ধাঁধাটা বুঝিয়ে দেওয়ার। আঞ্চলিক ভাষা… See more",M
,M
,M
,M
,M
,M
,M
,M
,M
,M
,M
,M
,M
,M
,M
,M
,M
,M
,M
,M
,M
,M
,M
,M
,M
,M
,M
,M
,M
,M
,M
,M
,M
,M
,M
,M
,M
,M
,M
,M
,M
,M
,M
,M
,M
,M
,M
,M
,M
,M
,M
,M
,M
,M
,M
,M
,M
,M
,M
,M
,M
,M
,M
,M
,M
,M
,M
,M
,M
,M
,M
,M
,M
,M
,M
,M
,M
,M
,M
,M
,M
,M
,M
,M
,M
,M
,M
,M
,M
,M
,M
,M
,M
,M
,M
,M
,M
,M
,M
,M
,M
,M
,M
,M
,M
,M
,M
,M
,M
,M
,M
,M
,M
,M
,M
,M
,M
,M
,M
,M
,M
,M
,M
,M
,M
,M
"আজ ২৮ জুলাই, আমার জন্মদিন। বহু বছর পর এই দিনে বাংলাদেশে আছি। এ অনুভূতি অনেক আনন্দের! সেই সঙ্গে এই দিনে আমার শুভাকাঙ্ক্ষীদের একটা খবর জানাতে চাই। আশা করছি গণিত, আড্ডা, গানে সরাসরি আপনাদের সাথে সময় কাটানোর সুযোগ  পাবো অচিরেই। 
আগামী ৩০ জুলাই, শনিবার বাংলা একাডেমি মিলনায়তনে বিকাল ৪ টা থেকে রাত ৮ টা পর্যন্ত আমি, বহ্নি উপস্থিত থাকব। আমাদের বই নিয়ে কথা হবে। অনেকেই অনেক সময় সামনাসামনি দেখা করতে চেয়েছেন আমাদের ""পরিপাটি"" পরিবারের সাথে। তাদের কথা ভেবেই এ আয়োজন করেছেন আমাদের প্রকাশক আদর… See more",M
"কতকাল পর আজ গিয়েছিলাম গড়াই নদীটায়! 
এ নদী আমার নদী!  ভাবলাম একটা স্মৃতি থাকুক! আমার দুই ভাই হীরক আর রোহানের জন্য কৃতজ্ঞতা!
https://fb.watch/eupSI1DLUU/",M
কেউ কি বলতে পারবেন জেমস ওয়েব স্পেস টেলিস্কোপের প্রথম ছবিগুলোর বিষয় কী হবে? Can anyone tell what will be the subject of James Webb Space Telescope first images?,M
"ক্যালিফোর্নিয়ার Convict Lake এ। দেশ থেকে আম্মু-আব্বুর পাঠানো জামাকাপড় পরে...। আমাদের বাহারী কাপড় দেখে মুগ্ধ হয়ে ওখানকার দর্শনার্থীরা জিজ্ঞেস করছিল, ""তোমরা কি নিজেরাই এমন বানিয়েছ? কোথায় পাওয়া যাবে বলো তো?"" খুব গর্ব করে দেশের কথা বললাম তখন!
-with Feroza Binte Omar",M
"খুব সুন্দর দুটো দিন কাটল ক্যালিফোর্নিয়ার নয়নাভিরাম ম্যামথ লেকস শহরে। একসাথে এয়ার বিএনবি নিয়ে বাসায় থাকা, রান্নাবান্না করে খাওয়া, লেকের পাড়ে ঘোরাঘুরি সব মিলিয়ে স… See more",M
"আজ ৩০ জুন, ২০২২, আনুষ্ঠানিকভাবে আম্মুর চাকরির শেষ দিন। ঊনচল্লিশ বছর উপ-সহকারী কমিউনিটি মেডিকেল অফিসার হিসেবে আম্মুর দীর্ঘ যাত্রার হিসেব চুকলো আজ। আজ থেকে আর নিয়ম করে অফিস যাওয়ার তাড়া থাকবে না। অসময়ে ফোন দিলে শুনতে হবে না, ‘আমি অফিসে’। 
.
হঠাৎ করে অসংখ্য আনন্দ-বেদনার স্মৃতি বুকের ভেতরটাকে নাড়া দিয়ে যাচ্ছে। আমাকে ঘিরে, আমাদেরকে ঘিরে আম্মুর সংগ্রামের জীবনটার একটা বড় অংশ খুব কাছ থেকে দেখেছি তো, তাই জানি- এই চাকরিটা আমাদের পরিবারের জন্য কতখানি গুরুত্ববাহী ছিল। 
.… See more",M
"বাবা দিবসের শুভেচ্ছা ও ভালোবাসা নিয়ো, আব্বু! সুস্থ-সবল থেকো আরও বহু বহু বছর। 
@Ahsan Nabab",M
"বাবা দিবসের শুভেচ্ছা রইলো, আব্বু। অনেক অনেক ভালো থাকো, সুস্থ থাকো আরো বহুদিন। আরও বহু মানুষ তোমার থেকে উপকৃত হোক! তোমার উপস্থিতিতে প্রাণবন্ত হোক আরো অনেক আড্ডা।… See more",M
"গণিত: ছোট্ট একটা ভিডিও, প্রিয় একটা ছবি 
https://fb.watch/dImeGW-PK0/",M
"ছোট্ট ভিডিওতে প্রিয় একটা ছবি দিয়ে অনুভব করি ত্রিভুজের তিন কোণের সমষ্টি
ইউটিউবে দেখতে চাইলে: 
https://www.youtube.com/watch?v=O7rkUvkVIow",M
"একটি আপডেট, কিছু কৃতজ্ঞতা প্রকাশ আর দোয়া প্রার্থনা-  
আমার আম্মুর একটি বেশ জটিল জেনারেল সার্জিকাল অপারেশন দরকার ছিল। ছোট মামা ( Md Kobad ) এর পরামর্শে আম্মুকে ঢাকার স্কয়ার হাসপাতালে প্রফেসর সানোয়ার হোসেন স্যারের কাছে দেখানো হয়। তিনি সবকিছু দেখে খুব দ্রুত ব্যবস্থা নেন।  অত্যন্ত ধৈর্য এবং যত্ন নিয়ে সেই অপারেশনটি সম্পন্ন করেন। 
আম্মু এখনও হাসপাতালে আছেন। পরম করুণাময়ের কৃপায় প্রতিদিন খুব ধীরে অবস্থার উন্নতি হচ্ছে। 
আমি প্রফেসর সানোয়ার স্যার, তার টিমের সকল সদস্য, হাসপাতালের নার্স… See more",M
"[বন্ধু]
লস অ্যাঞ্জেলেস ভ্রমণের আরও ১ টি লাভ হলো কলেজের বন্ধু, সবার প্রিয় Chamok Hasan এর সাথে দেখা হওয়া। চমক ও বন্ধু পত্নী (সেও বন্ধু) অসম্ভব রকমের ভালো মানুষ সেটা নতুন করে বলার কিছু না। কথা ছিলো ২ ঘণ্টা আড্ডা দিবো, সেটা শেষ পর্যন্ত ৫ ঘণ্টায় ও শেষ করতে পারি নাই। কিছুক্ষনের জন্য ফিরে গিয়েছিলাম আমাদের প্রাণ প্রিয় কুষ্টিয়া সরকারী কলেজে, প্রিয় শিক্ষক, ক্লাস, বন্ধু... আরও কতো কি! মনেহলো আবার ফিরে গেছি সেই ২০০২-২০০৪ সালে!! ফিরে গিয়েছিলাম প্রিয় শিক্ষক জুওলোজির নুরুজ্জামান স… See more",M
"আমেরিকার একটা মজার কালচার আছে। ওরা একেকটা স্কুল পর্যায় শেষ হওয়ার পর বাচ্চাদের নিয়ে গ্র্যাজুয়েশন অনুষ্ঠানের আয়োজন করে। আমরা যেমন ব্যাচেলর্স এর পর কনভোকেশনে অংশ নিই, অনেকটা ঐ রকম করে।
বর্ণমালা এখনও মূল স্কুলে ভর্তি হয়নি। গত দেড় বছর ধরে একটা প্রি-স্কুলে যেত, অনেকটা আমাদের দেশের প্লে-গ্রুপ এর মতো। সেটা শেষ হলো। তার জন্যই বেশ বড়সর আয়োজন করেছে প্রি-স্কুল থেকে। অফিসিয়াল ফটোসেশনেরও ব্যবস্থা ছিল।
প্রিস্কুল শেষ হওয়ার মানে হলো হলো এখন বর্ণমালা স্কুলে যাওয়ার জন্য প্রস্তুত! এ বছর আগস্ট থে… See more",M
,M
,M
,M
,M
,M
,M
,M
,M
,M
,M
,M
,M
,M
,M
,M
,M
,M
,M
,M
,M
,M
,M
,M
,M
,M
,M
,M
,M
,M
,M
,M
,M
,M
,M
,M
,M
,M
,M
,M
,M
,M
,M
,M
,M
,M
,M
,M
,M
,M
,M
,M
,M
,M
,M
,M
,M
,M
,M
,M
,M
,M
,M
,M
,M
,M
,M
,M
,M
,M
,M
,M
,M
,M
,M
,M
,M
,M
,M
,M
,M
,M
,M
,M
,M
,M
,M
,M
,M
,M
,M
,M
,M
,M
,M
,M
,M
,M
,M
,M
,M
,M
,M
,M
,M
,M
,M
,M
,M
,M
,M
,M
,M
,M
,M
,M
,M
,M
,M
,M
,M
,M
,M
,M
,M
,M
,M
,M
,M
,M
,M
,M
,M
,M
,M
,M
,M
,M
,M
,M
,M
,M
,M
,M
,M
"অবশেষে প্রতীক্ষার অবসান। 'বাবা, বেবি, ও...' - যে ছবির মাধ্যমে চলচ্চিত্রের সঙ্গীতে আমার যাত্রা শুরু, সেই ছবিটি এখন দেখা যাচ্ছে সারা পৃথিবী থেকে। গত ২৭ মার্চ দুপুর ১২টায় জলসা মুভিজ-এ হয়ে গেল ছবিটির প্রথম টিভি প্রিমিয়ার। তার পরপরই হইচই (Hoichoi)  এবং ডিজনি হটস্টারে চলে এসেছে ছবিটি। আগ্রহী মানুষেরা দেখে ফেলুন... ",M
"মহান স্বাধীনতা দিবসের অনুষ্ঠানে, দেশ থেকে পাঠানো লাল সবুজ জামাকাপড়ে আমরা। সবাইকে স্বাধীনতা দিবসের রক্তিম শুভেচ্ছা।",M
"অভিনন্দন বাংলাদেশ ক্রিকেট দল! দক্ষিণ আফ্রিকার মাটিতে দক্ষিণ আফ্রিকাকে হারানো! বিরাট ব্যাপার। সাবাশ তাসকিন! সাবাশ তামিম, লিটন!",M
"“আমি নিজে দেখেছি, স্যার (সাহাবুদ্দীন আহমদ) নিজে টাকা দিয়ে বলেছেন, লাল শাক কিনে আনতে। তিনি নিজে কখনও দুর্নীতি প্রশ্রয় দিতেন না। এজন্য অনেকে তাকে পছন্দ করতেন না।” ",M
"#হাঁটি_হাঁটি_পা_পা
#পাঠক_প্রতিক্রিয়া
সকালে উঠেই মন ভালো হয়ে গেলো ...",M
"#বুক_রিভিউ 
বইয়ের নামঃ হাটি হাটি পা পা
লেখকঃ ফিরোজা বহ্নি
প্রকাশনীঃ আদর্শ … See more",M
"আমার লেখা যত বই: আমার প্রকাশিত সর্বশেষ বই 'নিবিড় গণিত' পাওয়া যাচ্ছে ঢাকা একুশে বইমেলা আদর্শ ৩৩৩-৩৩৬ নং স্টলে। বাসায় বসে কিনতে চাইলে অর্ডার করতে পারবেন রকমারিতে এই লিঙ্কে গিয়ে। 
https://www.rokomari.com/book/230957/nibir-ganit
এছাড়াও আমার লেখা আর যে বইগুলো আদর্শ ও রকমারিতে পাওয়া যাচ্ছে সেগুলো হলো-
১. গল্পে জল্পে জেনেটিক্স -১ [অনুবাদ] … See more",M
কথা বলেছিলাম 'আজকের পত্রিকা'র সঙ্গে...। ধন্যবাদ জানাই Mir Md Rakib Hasan কে।,M
"Feroza Binte Omar  বহ্নি, এটা আমাদের স্মৃতিতে থাকুক! তোমার আর আমার লেখা গান 'এই মায়াবী চাঁদের রাতে' রেডিও মিরচি টপ চার্টে, আর একই সময়ে তোমার আর আমার লেখা বই 'টুটুম জানতে চায় মেঘের কথা' রকমারি বেস্টসেলার তালিকায়...। 
এসো আরও অনেক কিছু বানাই একসাথে... আরও অনেক পথ হাঁটি... ",M
"লাইভে আছি ব্র্যাক ইউনিভার্সিটি ইনসাইডার অনুষ্ঠানে
https://fb.watch/bIomiJjT88/",M
Shape your future with BRAC University,M
"BRAC University Insider এর আমন্ত্রণে  লাইভে থাকব আজ ১২ মার্চ, ২০২২, শনিবার, বাংলাদেশ সময় রাত ৮ টায় । সঞ্চালনায় থাকবেন ব্র্যাক ইউনিভার্সিটির স্কুল অফ আর্কিটেকচার এন্ড ডিজাইন-এর ডিন শ্রদ্ধেয় প্রফেসর ফুয়াদ এইচ মল্লিক। দেখা হবে, কথা হবে।  ",M
,M
,M
,M
,M
,M
,M
,M
,M
,M
,M
,M
,M
,M
,M
,M
,M
,M
,M
,M
,M
,M
,M
,M
,M
,M
,M
,M
,M
,M
,M
,M
,M
,M
,M
,M
,M
,M
,M
,M
,M
,M
,M
,M
,M
,M
,M
,M
,M
,M
,M
,M
,M
,M
,M
,M
,M
,M
,M
,M
,M
,M
,M
,M
,M
,M
,M
,M
,M
,M
,M
,M
,M
,M
,M
,M
,M
,M
,M
,M
,M
,M
,M
,M
,M
,M
,M
,M
,M
,M
,M
,M
,M
,M
,M
,M
,M
,M
,M
,M
,M
,M
,M
,M
,M
,M
,M
,M
,M
,M
,M
,M
,M
,M
,M
,M
,M
,M
,M
,M
,M
,M
,M
,M
,M
,M
,M
,M
,M
,M
,M
,M
,M
,M
,M
,M
,M
,M
,M
,M
,M
,M
,M
,M
,M
,M
,M
,M
,M
,M
,M
,M
,M
,M
,M
,M
,M
,M
,M
,M
,M
,M
,M
,M
,M
,M
,M
,M
"লাইভে আছি
https://fb.watch/bgT18sCh4A/",M
"কৃতিকথা ১৮ / ১৯ ফেব্রুয়ারা’২২ শনিবার / ড. চমক হাসান , লেখক ও শিল্পী with শীলা মোস্তাফা / পরিকল্পনা : মাহাতাব সোহেল VoiceOver - New York",M
"আমাদের নতুন বই-  ""টুটুম জানতে চায়: মেঘের কথা""
.
আমি আর বহ্নি দুজন মিলে বাচ্চাদের বইয়ের একটা সিরিজ লেখার পরিকল্পনা করছিলাম বহুদিন ধরে। সিরিজের নাম হবে ' টুটুম জানতে চায়'। টুটুম খুব কৌতুহলী একটা বাচ্চা, তার মা তাকে গল্পে গল্পে জ্ঞান-বিজ্ঞানের জিনিসপত্র বোঝায়। অবশেষে চলে এলো সেই সিরিজের প্রথম বই- টুটুম জানতে চায়: মেঘের কথা। এটা বহ্নি আর আমি- আমাদের দুজনের একসাথে লেখা প্রথম বই! আর বইটিতে চমৎকার অলঙ্করণ করেছে সমীরণ বর্মণ। 
.
আজ শুক্রবার [১৮ ফেব্রুয়ারি, ২০২২] থেকে একুশে বইমেলায় বইট… See more",M
এখানে আমার কথাও আছে একটুখানি। যাহোক এবারে গানের সংবাদে লাগাম দেব। আমার প্রিয় গণিতের প্রতি অবহেলা হয়ে যাচ্ছে। বইমেলায় দুটো নতুন বইয়ের খবর দেবো শিগগিরই! সাথে থাকুন।,M
"লাইভে আছি গণিত অলিম্পিয়াডের সাথে:
https://www.facebook.com/raj.hasan.02/videos/521318779318307",M
"গণিত আড্ডাঃ আমাদের চমক ভাই
১৫ই ফেব্রুয়ারি ২০২২
রাত ৯টা
I'm going live using StreamYard! Before leaving a comment, please grant StreamYard permission to see you… See more",M
"গান, গণিত আর কিছু ব্যক্তিগত ভাবনা নিয়ে কথা বলেছিলাম 
 https://www.scrollbangla.com/.../chamok-hasan-upclose...",M
,M
আমার সাক্ষাৎকার প্রকাশিত হয়েছে হিন্দুস্তান টাইমস বাংলাতে। আন্তরিক ধন্যবাদ Rahul Majumder কে সাক্ষাৎকার গ্রহণের জন্য। গান-গণিত-ব্যক্তিজীবন নিয়ে নিজের কিছু ভাবনা ভাগ করে নিয়েছি।,M
"দ্বিতীয় পর্ব: বর্ণমালার গল্পে গল্পে বাংলা শব্দ শেখা। বহ্নি খুব মজা করে গল্প বানিয়ে বর্ণমালাকে বাংলা শব্দ শেখায়। আজ খাবার টেবিলে বসে ওকে যখন শেখাচ্ছিল, তখন ভিডিও করে রাখলাম 
 গল্প তৈরি করেছেন ও শুনিয়েছেন: Feroza Binte Omar 
খেতে খেতে মন দিয়ে গল্প শুনেছেন : বর্ণমালা 
গল্প শুনতে শুনতে ফোনের ক্যামেরা ধরে রেখেছেন: চমক হাসান… See more",M
"বিদায় কিংবদন্তী! বিদায় সুরসম্রাজ্ঞী! নশ্বর পৃথিবীর সাধ্য নেই আপনাকে ধরে রাখে, আপনি তাই পাড়ি জমালেন অনন্তে...",M
"মজার ঘটনা ঘটেছিল সাক্ষাৎকারের মাঝখানে। 'এই সময়' এর আমন্ত্রণে কথা বলছিলাম Sampita Das এর সঙ্গে। সঞ্চালকের অনুরোধে 'এই মায়াবী চাঁদের রাতে' গান ধরেছি, আর মনে মনে ভাবছি 'শুনতে চাই' অংশগুলো কে বলবে। বর্ণমালা স্কুলে ছিল, বহ্নি পরশমণিকে নিয়ে ঘুম। আমি গিটারে গান ধরেছি 'মনের এক গোপন কথা তোমায় বলতে চাই...'। দেখি দরজার ফাঁক দিয়ে বহ্নি গেয়ে উঠেছে 'শুনতে চাই'। বহ্নি জানত না যে আমি ভিডিও কলে আছি। পরশমণিকে ঘুম পাড়িয়ে ও নাকি এসেছিল এদিকে, ভেবেছে আমি এমনিই গান গাচ্ছি। তাই স্বভাবসুলভভাবে ওর জা… See more",M
"গানে গল্পে জমজমাট শনিবারের আড্ডা। আজ এই সময় ডিজিটালে হাজির 'এই মায়াবী চাঁদের রাতে' খ্যাত চমক হাসান। এই সুরেলা যাত্রার সাক্ষী হয়ে থাকুন আপনিও
Chamok Hasan - চমক … See more",M
"লাইভে আছি ""বাবা, বেবি, ও..."" দলের সঙ্গে...
https://fb.watch/aSoYRbm_B7/",M
Are you ready for an evening of amazing music and gossip? Well we have the perfect session to make your sunday a little more interesting. Join us live at 8:00pm!!!,M
"কলকাতা রেডিও মিরচি টপ চার্টে এখন ১ নম্বরে আছে ""এই মায়াবী চাঁদের রাতে"" গানটি। এটা খুবই অসাধারণ এবং কল্পনাতীত ব্যাপার আমার জন্য। প্রতিক্রিয়া এবং কৃতজ্ঞতা জানাতে এই পোস্ট।
Aritra Mukherjee Dipayan Saha Zinia Sen Samragnee Bandyopadhyay Baba, Baby O",M
"কলকাতা রেডিও মিরচি টপ চার্টে এখন ১ নম্বরে আছে ""এই মায়াবী চাঁদের রাতে"" গানটি। এটা খুবই অসাধারণ এবং কল্পনাতীত ব্যাপার আমার জন্য। প্রতিক্রিয়া এবং কৃতজ্ঞতা জানাতে এই পোস্ট।",M
,M
,M
,M
,M
,M
,M
,M
,M
,M
,M
,M
,M
,M
,M
,M
,M
,M
,M
,M
,M
,M
,M
,M
,M
,M
,M
,M
,M
,M
,M
,M
,M
,M
,M
,M
,M
,M
,M
,M
,M
,M
,M
,M
,M
,M
,M
,M
,M
,M
,M
,M
,M
,M
,M
,M
,M
,M
,M
,M
,M
,M
,M
,M
,M
,M
,M
,M
,M
,M
,M
,M
,M
,M
,M
,M
,M
,M
,M
,M
,M
,M
,M
,M
,M
,M
,M
,M
,M
,M
,M
,M
,M
,M
,M
,M
,M
,M
,M
,M
,M
,M
,M
,M
,M
,M
,M
,M
,M
,M
,M
,M
,M
,M
,M
,M
,M
,M
,M
,M
,M
,M
,M
,M
,M
,M
,M
,M
,M
,M
,M
,M
,M
,M
,M
,M
,M
,M
,M
,M
,M
,M
,M
,M
,M
,M
,M
,M
,M
,M
,M
,M
,M
,M
,M
,M
,M
,M
,M
,M
,M
,M
,M
,M
,M
,M
,M
,M
,M
,M
,M
,M
,M
,M
,M
,M
,M
,M
,M
"মজার ঘটনা ঘটেছিল সাক্ষাৎকারের মাঝখানে। 'এই সময়' এর আমন্ত্রণে কথা বলছিলাম Sampita Das এর সঙ্গে। সঞ্চালকের অনুরোধে 'এই মায়াবী চাঁদের রাতে' গান ধরেছি, আর মনে মনে ভাবছি 'শুনতে চাই' অংশগুলো কে বলবে। বর্ণমালা স্কুলে ছিল, বহ্নি পরশমণিকে নিয়ে ঘুম। আমি গিটারে গান ধরেছি 'মনের এক গোপন কথা তোমায় বলতে চাই...'। দেখি দরজার ফাঁক দিয়ে বহ্নি গেয়ে উঠেছে 'শুনতে চাই'। বহ্নি জানত না যে আমি ভিডিও কলে আছি। পরশমণিকে ঘুম পাড়িয়ে ও নাকি এসেছিল এদিকে, ভেবেছে আমি এমনিই গান গাচ্ছি। তাই স্বভাবসুলভভাবে ওর জা… See more",M
"গানে গল্পে জমজমাট শনিবারের আড্ডা। আজ এই সময় ডিজিটালে হাজির 'এই মায়াবী চাঁদের রাতে' খ্যাত চমক হাসান। এই সুরেলা যাত্রার সাক্ষী হয়ে থাকুন আপনিও
Chamok Hasan - চমক … See more",M
"লাইভে আছি ""বাবা, বেবি, ও..."" দলের সঙ্গে...
https://fb.watch/aSoYRbm_B7/",M
Are you ready for an evening of amazing music and gossip? Well we have the perfect session to make your sunday a little more interesting. Join us live at 8:00pm!!!,M
"কলকাতা রেডিও মিরচি টপ চার্টে এখন ১ নম্বরে আছে ""এই মায়াবী চাঁদের রাতে"" গানটি। এটা খুবই অসাধারণ এবং কল্পনাতীত ব্যাপার আমার জন্য। প্রতিক্রিয়া এবং কৃতজ্ঞতা জানাতে এই পোস্ট।
Aritra Mukherjee Dipayan Saha Zinia Sen Samragnee Bandyopadhyay Baba, Baby O",M
"কলকাতা রেডিও মিরচি টপ চার্টে এখন ১ নম্বরে আছে ""এই মায়াবী চাঁদের রাতে"" গানটি। এটা খুবই অসাধারণ এবং কল্পনাতীত ব্যাপার আমার জন্য। প্রতিক্রিয়া এবং কৃতজ্ঞতা জানাতে এই পোস্ট।",M
"এসে গেল আমার কথা ও সুরে অনিন্দ্য চট্টোপাধ্যায়ের কণ্ঠে ""বাবা, বেবি, ও"" ছবির গান ""বাবা হওয়া এত সোজা নয়""। অনিন্দ্যদা দারুণ গেয়েছেন!! চিত্রায়নও বেশ মজার হয়েছে বলে মনে হচ্ছে... 
 Aritra Mukherjee Zinia Sen Samragnee Bandyopadhyay Dipayan Saha Rudraneel Chowdhury Anindya Chatterjee",M
"বাবা, বেবি, ও... ছবির জন্য আমার লেখা ও সুর করা দ্বিতীয় গান ""বাবা হওয়া এত সোজা নয়"" আসছে আগামীকাল। এটা একটা মজার গান, ছবির পরিস্থিতি অনুসারে লেখা। বানিয়ে দারুণ উপভোগ করেছি। ""ফেসবুক সঙ্গীত, ছাইড়া দে মা কাইন্দা বাঁচি"" - এমন রঙ্গ- ব্যাঙ্গাত্মক গান বানানোর যে আনন্দ ঠিক সেই আনন্দটা পেয়েছি। 
আর আমার নবজাত কন্যা পরশমণির কারণে গানটা এই মুহূর্তে আমার জীবনের সঙ্গে খুবই খুবই খুবই প্রাসঙ্গিক!!  
 ",M
"বাবা হওয়া কি এতই সহজ? কী মনে করেন আপনারা?
#BabaHowaEtoSojaNoy song releasing tomorrow at 10 AM
To know more about #BabaBabyO, click on the link: https://in.bo… See more",M
"বর্ণমালার পঞ্চম জন্মদিন পালন করেছিলাম 'উপহার অভিযান' এর মাধ্যমে। বহ্নির তৈরি করা ৫টা ধাঁধা সমাধান করে ৫টা উপহার পেয়েছে ও 
 । 
সবাই দোয়া রাখবেন মেয়েটার জন্য।",M
,M
,M
,M
,M
,M
,M
,M
,M
,M
,M
,M
,M
,M
,M
,M
,M
,M
,M
,M
,M
,M
,M
,M
,M
,M
,M
,M
,M
,M
,M
,M
,M
,M
,M
,M
,M
,M
,M
,M
,M
,M
,M
,M
,M
,M
,M
,M
,M
,M
,M
,M
,M
,M
,M
,M
,M
,M
,M
,M
,M
,M
,M
,M
,M
,M
,M
,M
,M
,M
,M
,M
,M
,M
,M
,M
,M
,M
,M
,M
,M
,M
,M
,M
,M
,M
,M
,M
,M
,M
,M
,M
,M
,M
,M
,M
,M
,M
,M
,M
,M
,M
,M
,M
,M
,M
,M
,M
,M
,M
,M
,M
,M
,M
,M
,M
,M
,M
,M
,M
,M
,M
,M
,M
,M
,M
,M
,M
,M
,M
,M
,M
,M
,M
,M
,M
,M
,M
,M
,M
,M
,M
,M
,M
,M
,M
,M
,M
,M
,M
,M
,M
,M
,M
,M
,M
,M
,M
,M
,M
,M
,M
,M
,M
,M
,M
,M
,M
,M
,M
,M
,M
,M
,M
,M
,M
,M
,M
,M
"মজার ঘটনা ঘটেছিল সাক্ষাৎকারের মাঝখানে। 'এই সময়' এর আমন্ত্রণে কথা বলছিলাম Sampita Das এর সঙ্গে। সঞ্চালকের অনুরোধে 'এই মায়াবী চাঁদের রাতে' গান ধরেছি, আর মনে মনে ভাবছি 'শুনতে চাই' অংশগুলো কে বলবে। বর্ণমালা স্কুলে ছিল, বহ্নি পরশমণিকে নিয়ে ঘুম। আমি গিটারে গান ধরেছি 'মনের এক গোপন কথা তোমায় বলতে চাই...'। দেখি দরজার ফাঁক দিয়ে বহ্নি গেয়ে উঠেছে 'শুনতে চাই'। বহ্নি জানত না যে আমি ভিডিও কলে আছি। পরশমণিকে ঘুম পাড়িয়ে ও নাকি এসেছিল এদিকে, ভেবেছে আমি এমনিই গান গাচ্ছি। তাই স্বভাবসুলভভাবে ওর জা… See more",M
"গানে গল্পে জমজমাট শনিবারের আড্ডা। আজ এই সময় ডিজিটালে হাজির 'এই মায়াবী চাঁদের রাতে' খ্যাত চমক হাসান। এই সুরেলা যাত্রার সাক্ষী হয়ে থাকুন আপনিও
Chamok Hasan - চমক … See more",M
"লাইভে আছি ""বাবা, বেবি, ও..."" দলের সঙ্গে...
https://fb.watch/aSoYRbm_B7/",M
Are you ready for an evening of amazing music and gossip? Well we have the perfect session to make your sunday a little more interesting. Join us live at 8:00pm!!!,M
"কলকাতা রেডিও মিরচি টপ চার্টে এখন ১ নম্বরে আছে ""এই মায়াবী চাঁদের রাতে"" গানটি। এটা খুবই অসাধারণ এবং কল্পনাতীত ব্যাপার আমার জন্য। প্রতিক্রিয়া এবং কৃতজ্ঞতা জানাতে এই পোস্ট।
Aritra Mukherjee Dipayan Saha Zinia Sen Samragnee Bandyopadhyay Baba, Baby O",M
"কলকাতা রেডিও মিরচি টপ চার্টে এখন ১ নম্বরে আছে ""এই মায়াবী চাঁদের রাতে"" গানটি। এটা খুবই অসাধারণ এবং কল্পনাতীত ব্যাপার আমার জন্য। প্রতিক্রিয়া এবং কৃতজ্ঞতা জানাতে এই পোস্ট।",M
"এসে গেল আমার কথা ও সুরে অনিন্দ্য চট্টোপাধ্যায়ের কণ্ঠে ""বাবা, বেবি, ও"" ছবির গান ""বাবা হওয়া এত সোজা নয়""। অনিন্দ্যদা দারুণ গেয়েছেন!! চিত্রায়নও বেশ মজার হয়েছে বলে মনে হচ্ছে... 
 Aritra Mukherjee Zinia Sen Samragnee Bandyopadhyay Dipayan Saha Rudraneel Chowdhury Anindya Chatterjee",M
"বাবা, বেবি, ও... ছবির জন্য আমার লেখা ও সুর করা দ্বিতীয় গান ""বাবা হওয়া এত সোজা নয়"" আসছে আগামীকাল। এটা একটা মজার গান, ছবির পরিস্থিতি অনুসারে লেখা। বানিয়ে দারুণ উপভোগ করেছি। ""ফেসবুক সঙ্গীত, ছাইড়া দে মা কাইন্দা বাঁচি"" - এমন রঙ্গ- ব্যাঙ্গাত্মক গান বানানোর যে আনন্দ ঠিক সেই আনন্দটা পেয়েছি। 
আর আমার নবজাত কন্যা পরশমণির কারণে গানটা এই মুহূর্তে আমার জীবনের সঙ্গে খুবই খুবই খুবই প্রাসঙ্গিক!!  
 ",M
"বাবা হওয়া কি এতই সহজ? কী মনে করেন আপনারা?
#BabaHowaEtoSojaNoy song releasing tomorrow at 10 AM
To know more about #BabaBabyO, click on the link: https://in.bo… See more",M
"বর্ণমালার পঞ্চম জন্মদিন পালন করেছিলাম 'উপহার অভিযান' এর মাধ্যমে। বহ্নির তৈরি করা ৫টা ধাঁধা সমাধান করে ৫টা উপহার পেয়েছে ও 
 । 
সবাই দোয়া রাখবেন মেয়েটার জন্য।",M
,M
,M
,M
,M
,M
,M
,M
,M
,M
,M
,M
,M
,M
,M
,M
,M
,M
,M
,M
,M
,M
,M
,M
,M
,M
,M
,M
,M
,M
,M
,M
,M
,M
,M
,M
,M
,M
,M
,M
,M
,M
,M
,M
,M
,M
,M
,M
,M
,M
,M
,M
,M
,M
,M
,M
,M
,M
,M
,M
,M
,M
,M
,M
,M
,M
,M
,M
,M
,M
,M
,M
,M
,M
,M
,M
,M
,M
,M
,M
,M
,M
,M
,M
,M
,M
,M
,M
,M
,M
,M
,M
,M
,M
,M
,M
,M
,M
,M
,M
,M
,M
,M
,M
,M
,M
,M
,M
,M
,M
,M
,M
,M
,M
,M
,M
,M
,M
,M
,M
,M
,M
,M
,M
,M
,M
,M
,M
,M
,M
,M
,M
,M
,M
,M
,M
,M
,M
,M
,M
,M
,M
,M
,M
,M
,M
,M
,M
,M
,M
,M
,M
,M
,M
,M
,M
,M
,M
,M
,M
,M
,M
,M
,M
,M
,M
,M
,M
,M
,M
,M
,M
,M
,M
,M
,M
,M
,M
,M
"মজার ঘটনা ঘটেছিল সাক্ষাৎকারের মাঝখানে। 'এই সময়' এর আমন্ত্রণে কথা বলছিলাম Sampita Das এর সঙ্গে। সঞ্চালকের অনুরোধে 'এই মায়াবী চাঁদের রাতে' গান ধরেছি, আর মনে মনে ভাবছি 'শুনতে চাই' অংশগুলো কে বলবে। বর্ণমালা স্কুলে ছিল, বহ্নি পরশমণিকে নিয়ে ঘুম। আমি গিটারে গান ধরেছি 'মনের এক গোপন কথা তোমায় বলতে চাই...'। দেখি দরজার ফাঁক দিয়ে বহ্নি গেয়ে উঠেছে 'শুনতে চাই'। বহ্নি জানত না যে আমি ভিডিও কলে আছি। পরশমণিকে ঘুম পাড়িয়ে ও নাকি এসেছিল এদিকে, ভেবেছে আমি এমনিই গান গাচ্ছি। তাই স্বভাবসুলভভাবে ওর জা… See more",M
"গানে গল্পে জমজমাট শনিবারের আড্ডা। আজ এই সময় ডিজিটালে হাজির 'এই মায়াবী চাঁদের রাতে' খ্যাত চমক হাসান। এই সুরেলা যাত্রার সাক্ষী হয়ে থাকুন আপনিও
Chamok Hasan - চমক … See more",M
"লাইভে আছি ""বাবা, বেবি, ও..."" দলের সঙ্গে...
https://fb.watch/aSoYRbm_B7/",M
Are you ready for an evening of amazing music and gossip? Well we have the perfect session to make your sunday a little more interesting. Join us live at 8:00pm!!!,M
"কলকাতা রেডিও মিরচি টপ চার্টে এখন ১ নম্বরে আছে ""এই মায়াবী চাঁদের রাতে"" গানটি। এটা খুবই অসাধারণ এবং কল্পনাতীত ব্যাপার আমার জন্য। প্রতিক্রিয়া এবং কৃতজ্ঞতা জানাতে এই পোস্ট।
Aritra Mukherjee Dipayan Saha Zinia Sen Samragnee Bandyopadhyay Baba, Baby O",M
"কলকাতা রেডিও মিরচি টপ চার্টে এখন ১ নম্বরে আছে ""এই মায়াবী চাঁদের রাতে"" গানটি। এটা খুবই অসাধারণ এবং কল্পনাতীত ব্যাপার আমার জন্য। প্রতিক্রিয়া এবং কৃতজ্ঞতা জানাতে এই পোস্ট।",M
"এসে গেল আমার কথা ও সুরে অনিন্দ্য চট্টোপাধ্যায়ের কণ্ঠে ""বাবা, বেবি, ও"" ছবির গান ""বাবা হওয়া এত সোজা নয়""। অনিন্দ্যদা দারুণ গেয়েছেন!! চিত্রায়নও বেশ মজার হয়েছে বলে মনে হচ্ছে... 
 Aritra Mukherjee Zinia Sen Samragnee Bandyopadhyay Dipayan Saha Rudraneel Chowdhury Anindya Chatterjee",M
"বাবা, বেবি, ও... ছবির জন্য আমার লেখা ও সুর করা দ্বিতীয় গান ""বাবা হওয়া এত সোজা নয়"" আসছে আগামীকাল। এটা একটা মজার গান, ছবির পরিস্থিতি অনুসারে লেখা। বানিয়ে দারুণ উপভোগ করেছি। ""ফেসবুক সঙ্গীত, ছাইড়া দে মা কাইন্দা বাঁচি"" - এমন রঙ্গ- ব্যাঙ্গাত্মক গান বানানোর যে আনন্দ ঠিক সেই আনন্দটা পেয়েছি। 
আর আমার নবজাত কন্যা পরশমণির কারণে গানটা এই মুহূর্তে আমার জীবনের সঙ্গে খুবই খুবই খুবই প্রাসঙ্গিক!!  
 ",M
"বাবা হওয়া কি এতই সহজ? কী মনে করেন আপনারা?
#BabaHowaEtoSojaNoy song releasing tomorrow at 10 AM
To know more about #BabaBabyO, click on the link: https://in.bo… See more",M
"বর্ণমালার পঞ্চম জন্মদিন পালন করেছিলাম 'উপহার অভিযান' এর মাধ্যমে। বহ্নির তৈরি করা ৫টা ধাঁধা সমাধান করে ৫টা উপহার পেয়েছে ও 
 । 
সবাই দোয়া রাখবেন মেয়েটার জন্য।",M
,M
,M
,M
,M
,M
,M
,M
,M
,M
,M
,M
,M
,M
,M
,M
,M
,M
,M
,M
,M
,M
,M
,M
,M
,M
,M
,M
,M
,M
,M
,M
,M
,M
,M
,M
,M
,M
,M
,M
,M
,M
,M
,M
,M
,M
,M
,M
,M
,M
,M
,M
,M
,M
,M
,M
,M
,M
,M
,M
,M
,M
,M
,M
,M
,M
,M
,M
,M
,M
,M
,M
,M
,M
,M
,M
,M
,M
,M
,M
,M
,M
,M
,M
,M
,M
,M
,M
,M
,M
,M
,M
,M
,M
,M
,M
,M
,M
,M
,M
,M
,M
,M
,M
,M
,M
,M
,M
,M
,M
,M
,M
,M
,M
,M
,M
,M
,M
,M
,M
,M
,M
,M
,M
,M
,M
,M
,M
,M
,M
,M
,M
,M
,M
,M
,M
,M
,M
,M
,M
,M
,M
,M
,M
,M
,M
,M
,M
,M
,M
,M
,M
,M
,M
,M
,M
,M
,M
,M
,M
,M
,M
,M
,M
,M
,M
,M
,M
,M
,M
,M
,M
,M
,M
,M
,M
,M
,M
,M
"মজার ঘটনা ঘটেছিল সাক্ষাৎকারের মাঝখানে। 'এই সময়' এর আমন্ত্রণে কথা বলছিলাম Sampita Das এর সঙ্গে। সঞ্চালকের অনুরোধে 'এই মায়াবী চাঁদের রাতে' গান ধরেছি, আর মনে মনে ভাবছি 'শুনতে চাই' অংশগুলো কে বলবে। বর্ণমালা স্কুলে ছিল, বহ্নি পরশমণিকে নিয়ে ঘুম। আমি গিটারে গান ধরেছি 'মনের এক গোপন কথা তোমায় বলতে চাই...'। দেখি দরজার ফাঁক দিয়ে বহ্নি গেয়ে উঠেছে 'শুনতে চাই'। বহ্নি জানত না যে আমি ভিডিও কলে আছি। পরশমণিকে ঘুম পাড়িয়ে ও নাকি এসেছিল এদিকে, ভেবেছে আমি এমনিই গান গাচ্ছি। তাই স্বভাবসুলভভাবে ওর জা… See more",M
"গানে গল্পে জমজমাট শনিবারের আড্ডা। আজ এই সময় ডিজিটালে হাজির 'এই মায়াবী চাঁদের রাতে' খ্যাত চমক হাসান। এই সুরেলা যাত্রার সাক্ষী হয়ে থাকুন আপনিও
Chamok Hasan - চমক … See more",M
"লাইভে আছি ""বাবা, বেবি, ও..."" দলের সঙ্গে...
https://fb.watch/aSoYRbm_B7/",M
Are you ready for an evening of amazing music and gossip? Well we have the perfect session to make your sunday a little more interesting. Join us live at 8:00pm!!!,M
"কলকাতা রেডিও মিরচি টপ চার্টে এখন ১ নম্বরে আছে ""এই মায়াবী চাঁদের রাতে"" গানটি। এটা খুবই অসাধারণ এবং কল্পনাতীত ব্যাপার আমার জন্য। প্রতিক্রিয়া এবং কৃতজ্ঞতা জানাতে এই পোস্ট।
Aritra Mukherjee Dipayan Saha Zinia Sen Samragnee Bandyopadhyay Baba, Baby O",M
"কলকাতা রেডিও মিরচি টপ চার্টে এখন ১ নম্বরে আছে ""এই মায়াবী চাঁদের রাতে"" গানটি। এটা খুবই অসাধারণ এবং কল্পনাতীত ব্যাপার আমার জন্য। প্রতিক্রিয়া এবং কৃতজ্ঞতা জানাতে এই পোস্ট।",M
"এসে গেল আমার কথা ও সুরে অনিন্দ্য চট্টোপাধ্যায়ের কণ্ঠে ""বাবা, বেবি, ও"" ছবির গান ""বাবা হওয়া এত সোজা নয়""। অনিন্দ্যদা দারুণ গেয়েছেন!! চিত্রায়নও বেশ মজার হয়েছে বলে মনে হচ্ছে... 
 Aritra Mukherjee Zinia Sen Samragnee Bandyopadhyay Dipayan Saha Rudraneel Chowdhury Anindya Chatterjee",M
"বাবা, বেবি, ও... ছবির জন্য আমার লেখা ও সুর করা দ্বিতীয় গান ""বাবা হওয়া এত সোজা নয়"" আসছে আগামীকাল। এটা একটা মজার গান, ছবির পরিস্থিতি অনুসারে লেখা। বানিয়ে দারুণ উপভোগ করেছি। ""ফেসবুক সঙ্গীত, ছাইড়া দে মা কাইন্দা বাঁচি"" - এমন রঙ্গ- ব্যাঙ্গাত্মক গান বানানোর যে আনন্দ ঠিক সেই আনন্দটা পেয়েছি। 
আর আমার নবজাত কন্যা পরশমণির কারণে গানটা এই মুহূর্তে আমার জীবনের সঙ্গে খুবই খুবই খুবই প্রাসঙ্গিক!!  
 ",M
"বাবা হওয়া কি এতই সহজ? কী মনে করেন আপনারা?
#BabaHowaEtoSojaNoy song releasing tomorrow at 10 AM
To know more about #BabaBabyO, click on the link: https://in.bo… See more",M
"বর্ণমালার পঞ্চম জন্মদিন পালন করেছিলাম 'উপহার অভিযান' এর মাধ্যমে। বহ্নির তৈরি করা ৫টা ধাঁধা সমাধান করে ৫টা উপহার পেয়েছে ও 
 । 
সবাই দোয়া রাখবেন মেয়েটার জন্য।",M
